"source_id","source_name","author","title","description","url","url_to_image","published_at","content","top_article","engagement_reaction_count","engagement_comment_count","engagement_share_count","engagement_comment_plugin_count"
"reuters","Reuters","Reuters Editorial","NTSB says Autopilot engaged in 2018 California Tesla crash","""The National Transportation Safety Board said Tuesday a Tesla Model S was in Autopilot mode when it struck a fire truck in Culver City, California -- one of a series of crashes the board is investigating involving Tesla's driver assistance system.""","https://www.reuters.com/article/us-tesla-crash-idUSKCN1VO22E","https://s4.reutersmedia.net/resources/r/?m=02&d=20190903&t=2&i=1425817142&w=1200&r=LYNXNPEF821HS","2019-09-03T16:22:20Z","""WASHINGTON (Reuters) - The National Transportation Safety Board said Tuesday a Tesla Model S was in Autopilot mode when it struck a fire truck in Culver City, California one of a series of crashes the board is investigating involving Tesla’s driver assistance… [+478 chars]""",0,0,0,2528,0
"the-irish-times","The Irish Times","Eoin Burke-Kennedy","Unemployment falls to post-crash low of 5.2%","Latest monthly figures reflect continued growth in headline employment","https://www.irishtimes.com/business/economy/unemployment-falls-to-post-crash-low-of-5-2-1.4006266","https://www.irishtimes.com/image-creator/?id=1.4006265&origw=620","2019-09-03T10:32:28Z","""The States jobless rate fell to 5.2 per cent last month, according to the latest official figures. This was higher than previously reported on account of an upward revision by the Central Statistics Office (CSO), one of several in the last two years.\r\nNonethe… [+800 chars]""",0,6,10,2,0
"the-irish-times","The Irish Times","Deirdre McQuillan","""Louise Kennedy AW2019: Long coats, sparkling tweed dresses and emerald knits""","Autumn-winter collection features designer’s glittering take on Black Watch tartan","https://www.irishtimes.com/\t\t\t\t\t\t\t/life-and-style/fashion/louise-kennedy-aw2019-long-coats-sparkling-tweed-dresses-and-emerald-knits-1.4006504\t","https://www.irishtimes.com/image-creator/?id=1.4006499&origw=1200","2019-09-03T14:40:00Z","""Louise Kennedy is showing off her autumn-winter collection in Dublin tonight and the show will start with her glittering new take on Black Watch tartan.\r\nSixteen models will present more than 60 ensembles to over 200 guests, including the designers close frie… [+2156 chars]""",1,null,null,null,null
"al-jazeera-english","Al Jazeera English","Al Jazeera","North Korean footballer Han joins Italian giants Juventus","Han is the first North Korean player in the Serie A and was praised during his appearances during youth World Cups.","https://www.aljazeera.com/news/2019/09/north-korean-footballer-han-joins-italian-giants-juventus-190903164640390.html","https://www.aljazeera.com/mritems/Images/2019/9/3/23c9eebde4cb4c3b91d9e5f36ab1d65c_18.jpg","2019-09-03T17:25:39Z","""Han Kwang Song, the first North Korean footballer to score in the Italian Serie A league, has joined reigning champions Juventus on loan from Cagliari.\r\nHan signed a one-year contract with the club with an option to buy after the year ends for five million eu… [+1240 chars]""",0,0,0,7,0
"bbc-news","BBC News","BBC News","UK government lawyer says proroguing parliament 'political not legal'","""The UK government's lawyer, David Johnston argued that proroguing parliament was a political decision for the government, rather than a legal matter for the court to decide.""","https://www.bbc.co.uk/news/av/uk-scotland-49564244/uk-government-lawyer-says-proroguing-parliament-political-not-legal","https://ichef.bbci.co.uk/news/1024/branded_news/3F83/production/_108595261_p07mbm5m.jpg","2019-09-03T14:39:21Z",null,0,0,0,0,0
"abc-news","ABC News","The Associated Press","'This Tender Land' is an affecting story about growing up","""\""This Tender Land\"" by William Kent Krueger is an affecting story about growing up and overcoming a childhood filled with neglect, abuse and racism during the Depression.""","https://abcnews.go.com/Entertainment/wireStory/tender-land-affecting-story-growing-65359757",null,"2019-09-03T15:56:49Z","""\""This Tender Land: a Novel\"" (Atria Books), by William Kent Krueger\r\nStrands of the adventures of Huck Finn and Tom Sawyer on the Mississippi River echo throughout William Kent Krueger's lyrical, compassionate \""This Tender Land\"" in which four children try to e… [+2822 chars]""",0,0,0,0,0
"reuters","Reuters","Reuters Editorial","EU wants to see if lawmakers will block Brexit before striking new deal: UK's Johnson","""The European Union is waiting to see if British lawmakers block Brexit before giving Britain concessions to strike a new withdrawal agreement, Prime Minister Boris Johnson said.""","https://www.reuters.com/article/us-britain-eu-johnson-concession-idUSKCN1VO22Z","https://s2.reutersmedia.net/resources/r/?m=02&d=20190903&t=2&i=1425818862&w=1200&r=LYNXNPEF821I3","2019-09-03T16:25:41Z","""LONDON (Reuters) - The European Union is waiting to see if British lawmakers block Brexit before giving Britain concessions to strike a new withdrawal agreement, Prime Minister Boris Johnson said. \r\nJohnson, who has pledged that Britain will leave the EU on O… [+777 chars]""",0,0,0,817,0
"reuters","Reuters","Reuters Editorial","European third quarter profit outlook improves slightly but still in recession: Refinitv","""Earnings and revenue expectations for European companies for the third quarter have improved very slightly, although the region is still expected to be in a corporate recession, according to data on Tuesday.'""","https://www.reuters.com/article/us-europe-stocks-results-idUSKCN1VO24X","https://s2.reutersmedia.net/resources/r/?m=02&d=20190903&t=2&i=1425826613&w=1200&r=LYNXNPEF821KH","2019-09-03T16:53:48Z","""LONDON (Reuters) - Earnings and revenue expectations for European companies for the third quarter have improved very slightly, although the region is still expected to be in a corporate recession, according to data on Tuesday. \r\nCompanies listed on the pan-Eu… [+640 chars]""",0,0,0,0,0
"bbc-news","BBC News","https://www.facebook.com/bbcnews","How are emotional support animals allowed on flights?","""There's been support dogs, a support turkey, and now a support horse on a plane - what's going on?""","https://www.bbc.co.uk/news/newsbeat-49564227","https://ichef.bbci.co.uk/news/1024/branded_news/14545/production/_108596238_dog-edit.jpg","2019-09-03T16:21:52Z","""Image copyrightGetty Images\r\nYou might have seen pictures in the past of some pretty strange animals who've boarded flights.\r\nFrom a kangaroo to a turkey... and now a miniature horse called Flirty. Small for a horse maybe, but still pretty big to be sat next … [+2380 chars]""",0,4,6,12,0
"the-irish-times","The Irish Times","Pat Leahy","Boris Johnson to meet Leo Varadkar in Dublin on Monday","UK prime minister will meet Taoiseach for talks on Brexit and Northern Ireland","https://www.irishtimes.com/news/politics/boris-johnson-to-meet-leo-varadkar-in-dublin-on-monday-1.4006533","https://www.irishtimes.com/image-creator/?id=1.4006532&origw=1440","2019-09-03T15:04:43Z","""The British Prime Minister Boris Johnson is to visit Dublin next Monday for a meeting with Taoiseach Leo Varadkar.\r\nMr Johnson will meet Mr Varadkar for talks on Brexit and the North, it is expected, amid continuing political turmoil at Westminster and growin… [+1190 chars]""",0,50,77,8,0
"al-jazeera-english","Al Jazeera English","Sahar Halaimzai","The Afghan 'peace' deal will not bring peace to the Afghan people","""While rushing to strike an agreement with the Taliban ahead of the 2020 election, Washington is ignoring Afghan demands.""","https://www.aljazeera.com/indepth/opinion/afghan-peace-deal-bring-peace-afghan-people-190903105533074.html","https://www.aljazeera.com/mritems/Images/2019/9/3/90c5afb6c8fa44f8b3880c7c082ad84f_18.jpg","2019-09-03T15:54:56Z","""In 2001, The United States government invaded Afghanistan with the explicit aim to remove the Islamic fundamentalist group, the Taliban, from power. Some 18 years later, the US government is negotiating a peace deal with the same violent group.\r\nSince the US … [+5158 chars]""",0,17,1,20,0
"the-new-york-times","The New York Times","Ben Rothenberg","Daniil Medvedev Rides a Wave of Hostility at the U.S. Open","The 23-year-old has advanced to his first Grand Slam quarterfinal and turned a booing New York crowd into a bunch of amusing adversaries.","https://www.nytimes.com/2019/09/03/sports/tennis/daniil-medvedev-us-open.html","https://static01.nyt.com/images/2019/09/03/sports/03MEDVEDEVprint/03MEDVEDEVprint-facebookJumbo-v2.jpg","2019-09-03T09:59:38Z","""Im satisfied because I made a step forward in my career, Medvedev said of reaching the quarterfinals. I did something I havent achieved before, and something I would have dreamt of one and a half weeks ago. But I can only be happy if I win the U.S. Open, whic… [+1369 chars]""",0,9,7,33,0
"cnn","CNN","""Marianne Garvey, CNN""","'Saved by the Bell' just may have a reunion coming up","\"Saved by the Bell\" may be coming back.","https://www.cnn.com/2019/09/03/entertainment/saved-by-bell-reunion-trnd/index.html","https://cdn.cnn.com/cnnnext/dam/assets/190422084607-saved-by-the-bell-super-tease.jpg","2019-09-03T12:45:52Z",null,0,37,5,43,0
"reuters","Reuters","Reuters Editorial","Marks & Spencer to be kicked out of FTSE 100 for first time","""Marks & Spencer will be relegated from London's FTSE 100 <.FTSE> index for the first time since the inception of the blue-chip index in 1984, according to Reuters calculations based on Tuesday's closing prices.""","https://www.reuters.com/article/us-m-s-stock-ftse-intl-idUSKCN1VO25A","https://s3.reutersmedia.net/resources/r/?m=02&d=20190903&t=2&i=1425825207&w=1200&r=LYNXNPEF821K5","2019-09-03T16:51:04Z","""LONDON (Reuters) - Marks &amp; Spencer (MKS.L) will be relegated from London's FTSE 100 .FTSE index for the first time since the inception of the blue-chip index in 1984, according to Reuters calculations based on Tuesday's closing prices. \r\nThe 135-year old … [+706 chars]""",0,0,0,716,0
"bbc-news","BBC News",null,"Neil Lennon: Celtic manager 'very pleased' with the club's transfer business","""Celtic have had a \""very good\"" transfer window despite \""sniping\"" from outside the club, says manager Neil Lennon.""","https://www.bbc.co.uk/sport/football/49570791","https://ichef.bbci.co.uk/onesport/cps/624/cpsprodpb/0E2E/production/_108603630_19258760.jpg","2019-09-03T17:06:05Z","""Media playback is not supported on this device\r\n'A very good transfer window' - Lennon\r\nCeltic have had a \""very good\"" transfer window despite \""sniping\"" from outside the club, says manager Neil Lennon.\r\nThe deadline-day arrival of Kilmarnock left-back Greg Tay… [+1702 chars]""",0,0,0,0,0
"bbc-news","BBC News","https://www.facebook.com/bbcnews","Putney child murder suspects detained by police","""The 15-month-old child suffered a cardiac arrest at an address in Putney, before dying in hospital.""","https://www.bbc.co.uk/news/uk-england-london-49568520","https://ichef.bbci.co.uk/news/1024/branded_news/12E08/production/_108602377_hi056068499.jpg","2019-09-03T15:49:37Z","""A murder inquiry has begun after a child died following reports they had gone into cardiac arrest.\r\nA man and woman, both 29, have been detained in connection with the child's death in Putney, south-west London.\r\nMet Police officers were called to a residenti… [+435 chars]""",0,1,0,3,0
"the-new-york-times","The New York Times","Amy Qin","Attack at School in China Leaves at Least 8 Children Dead","""The police said they had arrested a 40-year-old male suspect, but the local authorities did not mention the method of attack or a possible motive.""","https://www.nytimes.com/2019/09/03/world/asia/china-attack-school.html","https://static01.nyt.com/newsgraphics/images/icons/defaultPromoCrop.png","2019-09-03T14:21:44Z","It said the wounded children had been taken to hospitals for treatment. There was no immediate word on their conditions.\r\nCalls to the Enshi public security bureau Tuesday night went unanswered.\r\nA report published online on Monday by the Guangzhou-based news… [+781 chars]",0,7,8,35,0
"cbs-news","CBS News","CBS/AP","Coast Guard suspends search efforts for victims of deadly boat fire","Investigators have received more than 100 calls from family and friends who believe their loved ones were on board the ill-fated vessel","https://www.cbsnews.com/news/california-boat-fire-coast-guard-suspends-search-efforts-for-victims-santa-cruz-island-2019-09-03/","https://cbsnews2.cbsistatic.com/hub/i/r/2019/09/02/89d4affc-8b8e-49a9-a0d7-f6c5270bfd9b/thumbnail/1200x630/91214808e3ea8619036baf726e8ea146/california-boat-fire-eddwb-qvuaiq3ld.jpg","2019-09-03T17:47:00Z","""The U.S. Coast Guard has suspended the search for victims of a deadly fire on a commercial diving vessel near the Southern California coast. Rescuers recovered 20 bodies as crews worked to find 14 others, officials said in a news conference Tuesday.\r\nOfficial… [+1249 chars]""",1,0,0,1,0
"the-irish-times","The Irish Times","Eoin Burke-Kennedy","Exchequer boost for Government ahead of budget","Latest figures suggest Governmet is on course to hit its tax and spending targets","https://www.irishtimes.com/business/economy/exchequer-boost-for-government-ahead-of-budget-1.4006610","https://www.irishtimes.com/image-creator/?id=1.4006609&origw=1440","2019-09-03T15:30:19Z","""The Government has received a timely boost ahead of next months budget with the latest exchequer returns showing it is on course to hit its tax and spending targets for the year.\r\nThe figures, which will be central to the budgetary arithmetic, show the Govern… [+1889 chars]""",0,0,0,1,0
"newsweek","Newsweek","Steven Asarch","Netflix The Dark Crystal: Age of Resistance Review: The Muppets Meet 'Game of Thrones'","""Travel back to Thra and see what the Gelfling, Skeksi, Mystics and more look like in 2019.""","https://www.newsweek.com/netflix-dark-crystal-age-resistance-review-muppets-game-thrones-1457428","https://d.newsweek.com/en/full/1524710/dark-crystal-age-resistance-podlings.jpg","2019-09-03T15:34:39Z","""Jim Henson has one of the most storied legacies of any 20th Century creative. After creating The Muppets, Fraggle Rock and Sesame Street, changing the landscape of modern television, Henson hoped to create something grander. In 1982, alongside his longtime pa… [+3416 chars]""",0,0,0,4,0
"al-jazeera-english","Al Jazeera English","Al Jazeera","Brexit: All the latest updates","""UK legislators ready for crucial vote on PM Johnson's plan to exit the EU by Halloween, with or without a divorce deal.""","https://www.aljazeera.com/news/2019/09/brexit-latest-updates-190903131130125.html","https://www.aljazeera.com/mritems/Images/2019/9/3/7d75bdd04428412088833883a0841ac9_18.jpg","2019-09-03T14:55:44Z","""British Prime Minister Boris Johnson faces a parliamentary showdown over his bid to guide the United Kingdom out of the European Union by an October 31 deadline, with or without a divorce deal.\r\nOn their first day back after summer holidays, rebel and opposit… [+4500 chars]""",0,0,0,24,0
"business-insider","Business Insider","Daniel Strauss","US factory activity unexpectedly slowed last month for the first time in 3 years — and Trump's trade war was the main culprit","US factory activity unexpectedly fell in August for the first time since January 2016. The contraction came as the US-China trade war continued to reduce demand for products from American manufacturers. The Institute for Supply Management's purchasing manager…","https://www.businessinsider.com/ism-manufacturing-factory-data-contraction-first-since-2016-trade-war-2019-9",null,"2019-09-03T15:19:35Z",null,0,2,2,14,0
"the-new-york-times","The New York Times","Florence Fabricant","Natural Wines Will Get Some New Showcases This Fall","Four wine bars zero in on a rising segment of the industry.","https://www.nytimes.com/2019/09/03/dining/drinks/natural-wine-bars-nyc.html","https://static01.nyt.com/images/2019/09/04/dining/03preview-winebar2/03preview-winebar2-facebookJumbo.jpg","2019-09-03T17:43:23Z","""Natural has become the attention-grabbing word in the wine world, referring to wines that are made with minimal intervention, like chemical additives or commercial yeast. Natural wines will populate the lists of several restaurants coming this fall, and theyr… [+1196 chars]""",0,1,0,5,0
"business-insider","Business Insider","Dan DeFrancesco","From competition to collaboration: How PayPal turned challengers like Visa and Mastercard into partners and started sharing data to drive even more business","""PayPal inked strategic partnerships over the past three years with more than 40 companies it previously would have considered competitors. Jim Magats, PayPal's senior vice president of payments, product and engineering, told Business Insider the move was mean…""","https://www.businessinsider.com/paypals-visa-mastercard-partners-ebay-partners-payments-2019-8","https://amp.businessinsider.com/images/5d680abc2e22af134b50de42-2732-1366.jpg","2019-09-03T17:47:23Z","PayPal's July 2016 announcement of a strategic partnership with longtime rival Visa didn't spark an ideal reaction from investors. \r\n The deal was a big one for the payment processor and signaled a pivot towards collaboration. PayPal had previously encouraged… [+4298 chars]",0,0,0,3,0
"reuters","Reuters","Brendan Pierson","Trial of actor Cuba Gooding Jr in groping case gets October date","""Judge Herbert Moses of the Manhattan Supreme Court set an Oct. 10 trial date on Tuesday for the actor Cuba Gooding Jr., who was charged with groping a woman at a Manhattan bar in June.""","https://ca.reuters.com/article/entertainmentNews/idCAKCN1VO1X7-OCAEN","https://s3.reutersmedia.net/resources/r/?m=02&d=20190903&t=2&i=1425805240&w=1200&r=LYNXNPEF821EE-OCAEN","2019-09-03T15:36:28Z","""NEW YORK (Reuters) - Judge Herbert Moses of the Manhattan Supreme Court set an Oct. 10 trial date on Tuesday for the actor Cuba Gooding Jr., who was charged with groping a woman at a Manhattan bar in June. \r\nGooding, dressed in a gray suit and tie, appeared c… [+1400 chars]""",0,0,0,0,0
"the-new-york-times","The New York Times","Priya Parmar","Interpreting the Interpreter: Who Was Lafcadio Hearn?","""Through the memories of three women, Monique Truong’s novel “The Sweetest Fruits” paints a portrait of the first Westerner to write about a newly opened Japan.""","https://www.nytimes.com/2019/09/03/books/review/the-sweetest-fruits-monique-truong.html","https://static01.nyt.com/images/2019/08/19/books/review/Parmar1/Parmar1-facebookJumbo.jpg","2019-09-03T09:00:06Z","""Names are important in The Sweetest Fruits; they shift to denote ownership over personal history. The point is clear: No one person is the same to any two others. Thus Hearns name, like the man, is revised in each section. To Rosa, he is Patricio, but to his … [+2434 chars]""",0,4,0,6,0
"al-jazeera-english","Al Jazeera English","Al Jazeera","India's Chandrayaan-2 ready for moon landing","Indian space agency says $140m module has reached distance of 100km from moon's surface and is set to land on Saturday.","https://www.aljazeera.com/news/2019/09/india-chandrayaan-2-ready-moon-landing-190903012517283.html","https://www.aljazeera.com/mritems/Images/2019/9/3/38100444a8884ee5ab05cc278a712986_18.jpg","2019-09-03T01:46:36Z","""The landing module of India's unmanned moon mission separated successfully from the orbiter on Monday ahead of its planned touchdown on the moon's south polar region this weekend, the country's space agency said.\r\nAll the systems of the orbiter and the lander… [+1021 chars]""",0,83,8,49,0
"abc-news","ABC News","The Associated Press","Woman survives 80-foot cliff fall in South Dakota state park","Authorities say a Minnesota woman has escaped with minor injuries after falling more than 80 feet from a cliff at a state park in South Dakota","https://abcnews.go.com/US/wireStory/woman-survives-80-foot-cliff-fall-south-dakota-65359756",null,"2019-09-03T15:56:26Z","Authorities say a Minnesota woman has escaped with minor injuries after falling more than 80 feet (24 meters) from a cliff at a state park in South Dakota.\r\nMinnehaha County sheriff's Sgt. Scott Dubbe says the fall happened Monday evening at the Palisades Sta… [+345 chars]",1,0,0,8,0
"cbs-news","CBS News","CBS News","Philadelphia district attorney exonerates 9 people in 19 months","""Larry Krasner says, \""When somebody sits in a jail cell for a crime they did not commit, that is an injustice\""""","https://www.cbsnews.com/news/philadelphia-district-attorney-larry-krasner-exonerates-nine-people-in-19-months/","https://cbsnews2.cbsistatic.com/hub/i/r/2019/09/03/541f4e49-25c3-4781-a65c-bd83cfee2eba/thumbnail/1200x630/569fb8c60f593699ba4c719426bff061/larry-krasner-philadelphia-da.jpg","2019-09-03T13:29:40Z","""Chester Hollman spent 27 years and 11 months in prison; Terrance Lewis spent 21 years, five months, five days; and Johnny Berry spent approximately 24 years in prison. They have always maintained their innocence.\r\nTogether they spent nearly 74 years in prison… [+4849 chars]""",0,354,21,142,0
"bbc-news","BBC News",null,"Keith Hill: New Bolton Wanderers boss won't 'mentally ruin' young players","New Bolton boss Keith Hill says he will protect the \"special group\" of young players that helped ensure the club's survival.","https://www.bbc.co.uk/sport/football/49564550","https://ichef.bbci.co.uk/onesport/cps/624/cpsprodpb/12E62/production/_108601477_hill_get.jpg","2019-09-03T15:07:38Z","Bolton fielded the youngest side in their history when they drew 0-0 with Coventry in League One in August\r\nNew Bolton Wanderers manager Keith Hill says he will protect the \"special group\" of young players that helped ensure the survival of the crisis club.\r\n… [+2827 chars]",0,7,0,3,0
"business-insider","Business Insider","Sonam Sheth","Trump said he skipped a diplomatic trip to monitor Hurricane Dorian. Then he spent the weekend golfing.","""President Donald Trump told reporters last week that he was canceling a highly anticipated diplomatic trip to Poland so he could monitor Hurricane Dorian from Camp David. Trump spent hours playing golf at the Trump National Golf Club in Sterling, Virginia thr…""","https://www.businessinsider.com/trump-skipped-poland-trip-hurricane-dorian-golfed-all-weekend-2019-9","https://amp.businessinsider.com/images/5c8fb32c5b066e058756a8e2-1920-960.jpg","2019-09-03T15:31:09Z","President Donald Trump announced last week that he was canceling a diplomatic trip to Poland so he could monitor Hurricane Dorian from Camp David as the Category 4 storm made its way toward the southeastern US. Trump said he canceled the trip because it was \"… [+4010 chars]",0,1161,1100,347,0
"cbs-news","CBS News","CBS News","9/3: CBSN AM","Deadly storm nears Florida coast; Protests continue in Hong Kong","https://www.cbsnews.com/video/93-cbsn-am/","https://cbsnews3.cbsistatic.com/hub/i/r/2019/09/03/c50e60b0-8643-412e-a3d0-236dc2dca76a/thumbnail/1200x630/a7c7b93a5c908074984a25a0cac2b9f5/0903-cbsn-am-full-1925603-640x360.jpg","2019-09-03T16:15:31Z",null,1,0,0,0,0
"reuters","Reuters","Reuters Editorial","""Illinois joins lawsuit to ask court to stop merger of T-Mobile, Sprint""","""Illinois has joined a multistate lawsuit aimed at stopping the merger of U.S. wireless carriers T-Mobile US Inc and Sprint Corp, the New York attorney general's office, which is leading the effort along with California, said Tuesday.""","https://www.reuters.com/article/sprint-ma-tmobile-illinois-idUSL2N25U102","https://s4.reutersmedia.net/resources_v2/images/rcom-default.png","2019-09-03T17:04:14Z","""WASHINGTON, Sept 3 (Reuters) - Illinois has joined a multistate lawsuit aimed at stopping the merger of U.S. wireless carriers T-Mobile US Inc and Sprint Corp, the New York attorney general’s office, which is leading the effort along with California, said Tue… [+200 chars]""",0,0,0,0,0
"abc-news","ABC News","The Associated Press","Hurricane Dorian has weakened to a Category 2 storm with maximum sustained winds near 110 mph (175 kph).","""Get breaking national and world news, broadcast video coverage, and exclusive interviews. Find the top news online at ABC news.""","https://abcnews.go.com/Technology/wireStory/hurricane-dorian-weakened-category-storm-maximum-sustained-winds-65358036",null,"2019-09-03T14:57:39Z","Hurricane Dorian has weakened to a Category 2 storm with maximum sustained winds near 110 mph (175 kph).",0,0,0,0,0
"business-insider","Business Insider","Gina Heeb","Trump says a deal with China will be 'MUCH TOUGHER' if he gets re-elected in 2020","President Donald Trump suggested on Tuesday that a more than yearlong trade dispute with China could potentially last until 2020. He said that any agreement to defuse tensions would be 'tougher' if he were to win re-election. Any other candidate would allow t…","https://www.businessinsider.com/trump-china-trade-war-deal-tougher-if-reelected-in-2020-2019-9","https://images.markets.businessinsider.com/image/5d6e7b292e22af09da4b8300-2000/gettyimages-1171211992.jpg","2019-09-03T14:40:39Z","Getty Images/Alex Wong\r\n<ul><li>President Donald Trump suggested on Tuesday that a more than yearlong trade dispute with China could potentially last until 2020.</li><li>He said that any agreement to defuse tensions would be 'tougher' if he were to win re-ele… [+2249 chars]",0,0,0,5,0
"cbs-news","CBS News","CBS News","""Odessa gunman \""was on a long spiral of going down\"" before shooting, officials say""","""The gunman who went on a shooting rampage in West Texas called police before and during the massacre. Authorities say the attack happened after the gunman had been fired from his job, and that he \""was on a long spiral of going down\"" before the shooting. Mirey…""","https://www.cbsnews.com/video/odessa-gunman-was-on-a-long-spiral-of-going-down-before-shooting-officials-say/","https://cbsnews3.cbsistatic.com/hub/i/r/2019/09/03/be0a3f13-f52f-4a38-9aae-32252c509c4a/thumbnail/1200x630/e9effd46996045fa82c6b36c4a2f5564/0903-ctm-txshooting-villarreal-1925448-640x360.jpg","2019-09-03T11:59:30Z",null,0,0,0,0,0
"abc-news","ABC News","The Associated Press","Israel sends firefighters to help Brazil battle Amazon fires","Israel says it will be dispatching a team of firefighters to assist Brazil with combatting the fires that have consumed large swaths of the country's rainforest","https://abcnews.go.com/International/wireStory/israel-sends-firefighters-brazil-battle-amazon-fires-65357792",null,"2019-09-03T14:48:11Z","Israel says it will be dispatching a team of firefighters to assist Brazil with combatting the fires that have consumed large swaths of the country's Amazon rainforest.\r\nThe Foreign Ministry said Tuesday that after Prime Minister Benjamin Netanyahu had discus… [+589 chars]",0,0,0,4,0
"the-wall-street-journal","The Wall Street Journal","Catherine Lucey","Pence faces row over stay at Trump Irish resort...","""Chief of Staff Marc Short said there was a ‘suggestion’ from the president that vice president stay there, but said ‘it wasn’t like a ‘you must’’""","https://www.wsj.com/articles/pence-aide-defends-vice-presidents-stay-at-trump-property-in-ireland-11567514416","https://images.wsj.net/im-103426/social","2019-09-03T14:25:38Z","""SHANNON, IrelandA senior aide to \r\nMike Pence\r\ndefended the vice presidents decision to spend two nights at President \r\nTrump\r\ns golf resort on an official visit to Ireland, as critics question whether he is using public dollars to benefit the president.Mr. P… [+3455 chars]""",0,155,89,28,0
"cnn","CNN","""Sandee LaMotte, CNN""","Want to live longer? You may want to ditch these drinks","Calling all lovers of diet sodas and sugary beverages. There's more bad news linking your favorite soft drinks to disease and an earlier death.","https://www.cnn.com/2019/09/03/health/sugary-drinks-diet-sodas-soft-drink-linked-to-health-issues-wellness/index.html","https://cdn.cnn.com/cnnnext/dam/assets/170516173626-crushed-soda-can-super-tease.jpg","2019-09-03T15:03:51Z",null,0,812,423,589,0
"bbc-news","BBC News",null,"Jofra Archer slides across pitch during football match with teammates","Ashes 2019: England's Jofra Archer celebrates after scoring a goal against his team-mates during a training session for fourth Test.","https://www.bbc.co.uk/sport/av/cricket/49572881","https://m.files.bbci.co.uk/modules/bbc-morph-sport-page/3.3.2/images/bbc-sport-logo.png","2019-09-03T17:58:22Z","It turns out Jofra Archer is not only good at cricket. The England bowler scored while playing football with his team-mates during a training session.\r\nAnd how did he celebrate? By sliding across the pitch.\r\nEngland are currently preparing for the fourth Test… [+74 chars]",0,0,0,4,0
"cbs-news","CBS News","CBS/AP","Pence defends decision to stay at Trump Doonbeg property","Pence's chief of staff Marc Short said that the decision to stay at Trump International Golf Links in Doonbeg was made at the president's \"suggestion\"","https://www.cbsnews.com/news/vp-mike-pence-defends-decision-to-stay-at-trump-doonbeg-property-in-ireland/","https://cbsnews3.cbsistatic.com/hub/i/r/2019/09/03/dffe5d24-2d43-4ad3-9d67-03f737544fac/thumbnail/1200x630/235b809ee0724f8dca7c41efde3276b5/gettyimages-1165325664-594x594.jpg","2019-09-03T11:10:54Z","""Vice President Mike Pence's staff is defending his decision to stay at one of President Donald Trump's properties while in Ireland amid criticism by Democrats that he's enriching Trump at taxpayers' expense\r\nPence's chief of staff, Marc Short, said Tuesday th… [+1554 chars]""",0,2653,2006,485,0
"business-insider","Business Insider","Casey Sullivan","Private equity giant Carlyle is taking a majority stake in a startup that uses AI to judge how much you smile in interviews — and it could be the future of recruiting","""Private equity giant The Carlyle Group said on Tuesday it agreed to buy a majority stake in HireVue, a company that makes video and AI software for employers to screen job applicants. Carlyle can provide HireVue access to its technology advisers and introduct…""","https://www.businessinsider.com/private-equity-giant-carlyle-agrees-to-buy-majority-stake-in-hirevue-2019-9","https://amp.businessinsider.com/images/5d6db4c02e22af633b78a1a2-1536-768.png","2019-09-03T15:00:00Z","""Private equity giant The Carlyle Group is betting that big companies will increasingly adopt artificial intelligence to help make hiring decisions. \r\n The firm said on Tuesday it had agreed to purchase a majority stake in HireVue, a company that lets employer… [+3266 chars]""",0,2,0,8,0
"the-irish-times","The Irish Times","Frank McNally","""At The Border, Cross – Frank McNally on the stresses of driving through the former Yugoslavia""","""On a family road trip through the former Yugoslavia recently, we got used to crossing international borders, some less eventfully than others. The mountain pass that took us from Croatia into Bosnia-Herzegovina, for example, was so devoid of traffic as to mak…""","https://www.irishtimes.com/opinion/at-the-border-cross-frank-mcnally-on-the-stresses-of-driving-through-the-former-yugoslavia-1.4006681","https://www.irishtimes.com/image-creator/?id=1.4006679&origw=1440","2019-09-03T17:01:00Z","""On a family road trip through the former Yugoslavia recently, we got used to crossing international borders, some less eventfully than others. The mountain pass that took us from Croatia into Bosnia-Herzegovina, for example, was so devoid of traffic as to mak… [+4145 chars]""",0,0,0,0,0
"reuters","Reuters","Reuters Editorial","""U.S. edge Turkey, Canada eliminated from World Cup""","Holders United States ground out a dramatic 93-92 overtime win against Turkey in the basketball World Cup while Canada were knocked out after a 92-69 drubbing by Lithuania on Tuesday.","https://ca.reuters.com/article/sportsNews/idCAKCN1VO1ZO-OCASP","https://s3.reutersmedia.net/resources/r/?m=02&d=20190903&t=2&i=1425811280&w=1200&r=LYNXNPEF821FO-OCASP","2019-09-03T15:59:30Z","BEIJING (Reuters) - Holders United States ground out a dramatic 93-92 overtime win against Turkey in the basketball World Cup while Canada were knocked out after a 92-69 drubbing by Lithuania on Tuesday. \r\nThe day’s rip-roaring action also produced the first … [+2813 chars]",0,0,0,0,0
"the-new-york-times","The New York Times","Maya Salam","Justin Bieber Says Childhood Fame Opened Door to ‘Heavy’ Drug Use","""In a lengthy, emotional message on Instagram, the pop star said being overwhelmed with praise as a child led him to make “terrible decisions.”""","https://www.nytimes.com/2019/09/03/arts/music/justin-bieber-drug-use-instagram.html","https://static01.nyt.com/images/2019/09/03/us/03-bieberart/03-bieberart-facebookJumbo-v2.jpg","2019-09-03T16:34:27Z","""Bieber has credited his marriage last year to the model Hailey Baldwin (now Hailey Bieber), 22, with helping him gain perspective, and he did so again on Monday, calling their union an amazing, crazy, new responsibility. (Bieber dated the actress and singer S… [+1152 chars]""",0,598,405,42,0
"newsweek","Newsweek","Kelly Wynne","Alyssa Milano Gets Slammed For Saying She's Fighting For All Americans' Rights","""\""I'm fighting for you, too. That you might be free to be you.\""""","https://www.newsweek.com/alyssa-milano-gets-slammed-saying-shes-fighting-all-americans-rights-1457443","https://d.newsweek.com/en/full/1524717/alyssa-milano.jpg","2019-09-03T18:09:43Z","""Alyssa Milano was slammed after she asked netizens to be more understanding on Twitter Tuesday morning. Milano, who is vocally liberal on issues from immigration to abortion, said that she's looking out for everyone regardless of where they fall on the politi… [+3284 chars]""",0,0,0,0,0
"bbc-news","BBC News","BBC News","No-deal opponents argue for Commons control","MPs aiming to block no deal have passed the first hurdle towards introducing a bill to delay Brexit.","http://www.bbc.co.uk/news/uk-politics-49573138","https://ichef.bbci.co.uk/news/1024/branded_news/F76C/production/_108604336_standing.jpg","2019-09-03T18:09:35Z","Image copyrightUK Parliament\r\nTory rebels and opposition MPs have cleared the first hurdle in their attempt to pass a law designed to prevent a no-deal Brexit. \r\nCommons Speaker John Bercow granted them a debate and a vote on taking control of the Commons age… [+773 chars]",1,0,0,0,0
"the-wall-street-journal","The Wall Street Journal","Julie Jargon","Phones Buzz in Class—With Texts From Mom and Dad","Schools are instituting phone bans to cut down on classroom distractions; ‘My mother texts me all the time’","https://www.wsj.com/articles/phones-buzz-in-classwith-texts-from-mom-and-dad-11567503003","https://images.wsj.net/im-102824/social","2019-09-03T09:49:27Z","""Cellphone usage in class is getting so out of control that some schools are locking up students phones during the day. Heres a notification for you parents: Youre partly to blame.\r\nStudents, teachers and administrators say parents light up their kids phones t… [+146 chars]""",0,77,22,67,0
"reuters","Reuters","Jonathan Stempel","U.S. judge says opioid litigation can proceed toward trial","""A U.S. judge on Tuesday rejected efforts by drugmakers, distributors and pharmacies to dismiss claims that they caused the nation's opioid crisis, clearing the way for a scheduled landmark trial even as he pushes for a nationwide settlement.""","http://feeds.reuters.com/~r/reuters/topNews/~3/18xT7KQcQQ8/u-s-judge-says-opioid-litigation-can-proceed-toward-trial-idUSKCN1VO2AS","https://s4.reutersmedia.net/resources_v2/images/rcom-default.png","2019-09-03T17:44:30Z","""(Reuters) - A U.S. judge on Tuesday rejected efforts by drugmakers, distributors and pharmacies to dismiss claims that they caused the nation’s opioid crisis, clearing the way for a scheduled landmark trial even as he pushes for a nationwide settlement. \r\nU.S… [+2454 chars]""",1,0,0,780,0
"cbs-news","CBS News","CBS News","Hurricane Dorian stalls off Florida coast","""Hurricane Dorian, now a Category 2, has stalled about 100 miles off Florida's Atlantic coast. The storm battered the Bahamas as a Category 5. CBS News climate and weather contributor Jeff Berardelli joined CBSN to discuss what sets this storm apart.""","https://www.cbsnews.com/video/hurricane-dorian-stalls-off-florida-coast/","https://cbsnews3.cbsistatic.com/hub/i/r/2019/09/03/f8c16bfc-fb5f-4f85-ae9b-d20bdbc77604/thumbnail/1200x630/9cf8bd19e02211ef9bc7d69f47801139/0903-cbsn-dorianstallsofffloridacoast-qxx-1925649-640x360.jpg","2019-09-03T17:42:25Z",null,1,0,0,1,0
"newsweek","Newsweek","Janice Williams","""Hurricane Dorian Flight Cancellations Reach Nearly 2,000 in U.S. While More Than 1,400 Routes Are Delayed""","Nearly half of the canceled flights were planned to go to or leave from Orlando International Airport.","https://www.newsweek.com/hurricane-dorian-flight-cancellations-airports-1457440","https://d.newsweek.com/en/full/1524698/more-1600-flights-have-been-canceled-due-hurricane-dorian.png","2019-09-03T16:17:27Z","""As residents in Florida brace themselves for the incoming Hurricane Dorian, hundreds of people traveling out of the state are now scrambling to find alternative routes following massive flight cancellations.\r\nNearly 2,000 flights across the U.S. were canceled… [+3013 chars]""",0,0,0,1,0
"cnn","CNN","""Jack Guy, CNN""","Prince Harry launches sustainable travel initiative after private jet criticism","""Prince Harry, the Duke of Sussex, has launched a global sustainable travel initiative, hot on the heels of criticism over his use of private jets when taking vacations.""","https://www.cnn.com/travel/article/prince-harry-sustainable-travel-scli-intl/index.html","https://dynaimage.cdn.cnn.com/cnn/w_1200/http%3A%2F%2Fcdn.cnn.com%2Fcnnnext%2Fdam%2Fassets%2F190903111208-02-prince-harry-0903-super-tease.jpg","2019-09-03T11:02:54Z","""(CNN) Prince Harry, the Duke of Sussex, has launched a global sustainable travel initiative, hot on the heels of criticism over his use of private jets when taking vacations.\r\nThe project, known as Travalyst, will work to encourage sustainable practices in th… [+2440 chars]""",0,279,54,175,0
"cbs-news","CBS News","CBS News","""62,000 people in the Bahamas don't have access to fresh water after Dorian, Red Cross says""","""Hurricane Dorian is just starting to inch toward the northwest at one mile per hour after stalling over the Bahamas. The storm is a Category 3, with winds moving at 120 miles per hour. And according to the International Red Cross, 62,000 people on Abaco and G…""","https://www.cbsnews.com/video/62000-people-in-the-bahamas-dont-have-access-to-fresh-water-after-dorian-red-cross-says/","https://cbsnews3.cbsistatic.com/hub/i/r/2019/09/03/40b6cac6-d975-48ab-bc12-652e67a848ca/thumbnail/1200x630/48b599fc02c141232d4f64b3172f9d6f/0903-ctm-dorianlatestdebrief-1925481-640x360.jpg","2019-09-03T12:47:32Z",null,0,0,0,0,0
"abc-news","ABC News","Ella Torres","Chinese 'deepfake' app Zao comes under fire over privacy concerns","""The app, Zao, came under fire over privacy concerns. Users can upload an image of their face to seamlessly swap it for a celebrities.""","https://abcnews.go.com/US/chinese-deepfake-app-zao-fire-privacy-concerns/story?id=65356375","https://s.abcnews.com/images/US/selfie-gty-er-190903_hpMain_16x9_992.jpg","2019-09-03T17:50:55Z","""A new Chinese app that lets users seamlessly swap faces with celebrities gained widespread popularity over the weekend, but quickly drew just as much criticism over privacy concerns.\r\nThe app, named Zao, was the most downloaded free app in Chinas iOS App Stor… [+2196 chars]""",1,0,0,5,0
"the-wall-street-journal","The Wall Street Journal","Christopher Mims","Streaming Services Draw New Subscribers With Old-Time Rock ’n’ Roll","""Spotify, Amazon Music and Pandora all have recently installed new hires to promote older tunes""","https://www.wsj.com/articles/streaming-services-draw-new-subscribers-with-old-time-rock-n-roll-11567517953","https://images.wsj.net/im-103453/social","2019-09-03T14:06:00Z","""Joel Shaffer usually listens to current pop stars like Drake, Kygo and Migos during his 30-minute commute to work outside Boston. But when he recently stumbled onto Nine Inch Nails 1989 song Head Like a Hole, he was hooked.\r\nThis led me down a three-day, bing… [+233 chars]""",0,4,0,13,0
"cnn","CNN","""Anneken Tappe, CNN Business""","Dow set to slide on new tariffs and global economic troubles","The Dow and the broader stock market are headed lower on Tuesday. Investors' sentiment soured after US tariffs on Chinese imports came into effect over the weekend. Fresh concerns about Brexit are also keeping global markets lower.","https://www.cnn.com/2019/09/03/investing/dow-stock-market-today/index.html","https://cdn.cnn.com/cnnnext/dam/assets/190826084839-nyse-0823-super-tease.jpg","2019-09-03T12:58:30Z",null,0,150,41,149,0
"cnn","CNN","""Eric Bradner, Jessica Dean, Arlette Saenz and Jeff Zeleny, CNN""","Biden campaign signals it's preparing for a long primary fight","""Former Vice President Joe Biden is preparing for a lengthy Democratic primary battle despite his status as the front-runner in national polls, senior campaign aides said Tuesday.""","https://www.cnn.com/2019/09/03/politics/joe-biden-campaign-iowa-long-primary/index.html","https://cdn.cnn.com/cnnnext/dam/assets/190902191122-01-joe-biden-0902-super-tease.jpg","2019-09-03T17:56:34Z",null,0,0,0,8,0
"cnn","CNN","""Brian Stelter, CNN Business""","AT&T makes WarnerMedia boss John Stankey the presumptive successor to its CEO","""AT&T announced two promotions on Tuesday that place John Stankey, the CEO of its subsidiary WarnerMedia, firmly in line to succeed the wireless giant's CEO, Randall Stephenson.""","https://www.cnn.com/2019/09/03/media/att-john-stankey/index.html","https://cdn.cnn.com/cnnnext/dam/assets/190903113556-john-stankey-super-tease.jpg","2019-09-03T17:24:16Z","""(CNN Business)AT&amp;T announced two promotions on Tuesday that place John Stankey, the CEO of its subsidiary WarnerMedia, firmly in line to succeed the wireless giant's CEO, Randall Stephenson.\r\nStephenson, who has led AT&amp;T(T) since 2007, is installing S… [+2785 chars]""",0,9,5,14,0
"cnn","CNN","""Jacqueline Howard, CNN""","Cancer now tops heart disease as the No. 1 cause of death in these countries","""Cancer deaths are now more common than those from cardiovascular disease in these high-income and middle-income countries: Sweden, Canada, Chile, Argentina, Poland and Turkey, according to a new study. The United States could be next.""","https://www.cnn.com/2019/09/03/health/leading-cause-of-death-cancer-heart-disease-study/index.html","https://cdn.cnn.com/cnnnext/dam/assets/120921033043-cancer-treatment-super-tease.jpg","2019-09-03T09:37:52Z",null,0,1457,421,634,0
"reuters","Reuters","Reuters Editorial","Air Canada files challenge over Onex's C$3.5 billion buyout of rival WestJet","""Air Canada has challenged Onex Corp's proposed acquisition of WestJet Airlines , on grounds that the deal may not meet the country's ownership rules, according to a letter sent by the carrier to the Canadian Transportation Agency.""","https://ca.reuters.com/article/businessNews/idCAKCN1VO25S-OCABS","https://s4.reutersmedia.net/resources/r/?m=02&d=20190903&t=2&i=1425827975&w=1200&r=LYNXNPEF821KL-OCABS","2019-09-03T16:56:00Z","""MONTREAL (Reuters) - Air Canada (AC.TO) has challenged Onex Corp’s (ONEX.TO) proposed acquisition of WestJet Airlines (WJA.TO), on grounds that the deal may not meet the country’s ownership rules, according to a letter sent by the carrier to the Canadian Tran… [+1791 chars]""",0,0,0,0,0
"newsweek","Newsweek","Chantal Da Silva","""No Food, No Jobs, No Future: Turned Away From the U.S. Border, Young Hondurans Say They Are Struggling to Survive""","""\""Trump is right because there are just so many people trying to make it to the U.S., but where would the U.S. be if it weren't for Latinos?\"" says 25-year-old Cristian Betancourt.""","https://www.newsweek.com/young-hondurans-turned-back-u-s-border-struggling-survive-1456820","https://d.newsweek.com/en/full/1524218/josue.jpg","2019-09-03T06:00:01Z","""Walking through the gym of a local community outreach center in Choloma, Honduras, 25-year-old Josue Betancourt is reminded of brighter days, when he used to be able to come here to work out with friends.\r\n\""You know, I used to be more buff than him,\"" Betancou… [+6352 chars]""",0,20,6,20,0
"reuters","Reuters","Ruma Paul","Bangladesh blocks internet services in Rohingya refugee camps","""Bangladesh's telecom regulatory authority on Tuesday ordered mobile phone operators to partially block high-speed data services to areas where Rohingya refugees are living in sprawling camps, citing security concerns following recent violence in the area.""","https://www.reuters.com/article/us-bangladesh-rohingya-idUSKCN1VO1WQ","https://s1.reutersmedia.net/resources/r/?m=02&d=20190903&t=2&i=1425801412&w=1200&r=LYNXNPEF821E2","2019-09-03T15:27:36Z","""DHAKA (Reuters) - Bangladesh’s telecom regulatory authority on Tuesday ordered mobile phone operators to partially block high-speed data services to areas where Rohingya refugees are living in sprawling camps, citing security concerns following recent violenc… [+2650 chars]""",0,0,0,3,0
"business-insider","Business Insider","Steven John","""How to restart an Xbox One on the console or a controller, or shut it down""","""You can restart an Xbox One if you want to fix any bugs or glitches with the console. There are multiple ways to run a power off and on cycle on an Xbox One, including a forced manual shutdown. Restarting or powering an Xbox One off will not erase games or sa…""","https://www.businessinsider.com/how-to-restart-xbox-one","https://amp.businessinsider.com/images/5d6985402e22af467571cb65-2732-1366.jpg","2019-09-03T14:07:00Z","""Even an Xbox One, one of the most advanced gaming consoles yet developed, can experience its fair share of glitches. \r\n If your Xbox is running too slowly, having response or connectivity issues, or is experiencing any other bugs, usually the best thing to do… [+2032 chars]""",0,5,2,7,0
"the-wall-street-journal","The Wall Street Journal",null,"""Oldest, Most Strategic U.S. Base for Deterring North Korea Shuts Down""","""After more than 60 years, the U.S. is closing a military base in Seoul that has kept the region safe from North Korean threats. WSJ explores the historic complex and meets the people who have called it home for years. Video: Clément Bürge. Image composite: Cr…""","https://www.wsj.com/video/oldest-most-strategic-us-base-for-deterring-north-korea-shuts-down/10D405D9-3DA4-4853-9563-1E91D629D3CE.html","http://m.wsj.net/video/20190902/090319_yongsan/090319_yongsan_1280x720.jpg","2019-09-03T09:30:00Z",null,0,457,139,172,0
"business-insider","Business Insider","Sunny Chanel","Pottery Barn Teen's Fantastic Beasts Collection features decor and bedding that 'Harry Potter' fans of any age will love","""Harry Potter fans will want to check out the new Fantastic Beasts line available from Pottery Barn Teen. While these items are meant for the teen set, there are many items that adults will love. This eclectic collection really does bring a bit of magic in you…""","https://www.businessinsider.com/harry-potter-fantastic-beasts-pottery-barn","https://amp.businessinsider.com/images/5d6e7b1c2e22af18285ed935-750-375.jpg","2019-09-03T16:30:00Z","""One of the aspects that I find irresistible about the \""Harry Potter\"" franchise is the whimsical and, of course, magical art direction of the films. This Wizarding World that the filmmakers created, and as seen on the big screen, possesses a charm that is deli… [+1302 chars]""",0,0,0,0,0
"al-jazeera-english","Al Jazeera English","Al Jazeera","Hong Kong targets more pro-democracy activists amid protests","""Three leaders, including Demosisto's Ivan Lam, among hundreds detained since mass protests began three months ago.""","https://www.aljazeera.com/news/2019/09/hong-kong-targets-pro-democracy-activists-protests-190903051802721.html","https://www.aljazeera.com/mritems/Images/2019/9/3/958b41c409044fad8906b4465d5a5960_18.jpg","2019-09-03T06:50:22Z","""Hong Kong's pro-democracy political party, Demosisto, said its chairperson was \""taken\"" by government authorities early on Tuesday, one of a series of arrests that also included a student union leader and another young protest organiser. \r\nIvan Lam was \""taken … [+2197 chars]""",0,0,0,9,0
"the-new-york-times","The New York Times","""Richard Leiter, M.D.""","Is Dying at Home Overrated?","""A palliative care physician struggles with the complex realities of dying at home, and the unintended consequences of making it a societal priority.""","https://www.nytimes.com/2019/09/03/well/live/is-dying-at-home-overrated.html","https://static01.nyt.com/images/2019/08/07/smarter-living/00well_doctorsdying/00well_doctorsdying-facebookJumbo.jpg","2019-09-03T09:00:03Z","""The system is imperfect, though. Unless a family has the significant resources necessary to hire aides or nurses, informal caregivers become responsible for nearly everything from feeding to bathing to toileting. These tasks often get harder as the dying pers… [+3047 chars]""",0,168,93,142,0
"the-new-york-times","The New York Times","Chris Buckley","""Nie Yuanzi, Whose Poster Fanned Cultural Revolution, Dies at 98""","""She helped write a vitriolic “big-character poster” that won Mao’s blessing. For the rest of her life, she wrestled with the fame and infamy that followed.""","https://www.nytimes.com/2019/09/03/world/asia/nie-yuanzi-dead.html","https://static01.nyt.com/images/2019/09/02/obituaries/02NIEYUANZI/02NIEYUANZI-facebookJumbo.jpg","2019-09-03T17:11:40Z","""A few days later, Kang Sheng, a powerful security official, reported to Mao about the poster. Mao immediately grasped it as kindling for his Cultural Revolution. He ordered that it be reprinted and spread, and later praised it as the first Marxist-Leninist bi… [+1347 chars]""",0,0,0,25,0
"newsweek","Newsweek","Jason Murdock","""Oklahoma Man Hurls Cupcake From Car and Hits Driver in the Face, Gets Charged With Assault""","""Trevor Pearson, 31, of Lexington, was left facing a misdemeanor assault charge in the Garvin County District Court this week after the incident, which occurred in May.""","https://www.newsweek.com/oklahoma-trevor-pearson-cupcake-misdemeanor-assault-charge-driver-garvin-county-district-court-1457306","https://d.newsweek.com/en/full/1512859/police-sirens.jpg","2019-09-03T10:23:17Z","""An Oklahoma man has been hit with a misdemeanor assault charge after allegedly hurling a cupcake from a car and striking another driver in the face, police say.\r\nTrevor Pearson, 31, of Lexington, was set to appear in Garvin County District Court this week aft… [+2368 chars]""",0,5,3,7,0
"business-insider","Business Insider","Daniel Keyes","Amazon is pushing its private labels just as consumers add competing products to their carts (AMZN)","""This is an excerpt from a story delivered exclusively to Business Insider Intelligence Payments & Commerce subscribers. To receive the full story plus other insights each morning, click here. Amazon is displaying its own private-label products on competing pr…""","https://www.businessinsider.com/amazons-positioning-itself-to-steal-sales-on-competing-pages-2019-9","https://amp.businessinsider.com/images/58125112362ca427008b558b-2732-1366.jpg","2019-09-03T14:10:00Z","""Amazon is displaying its own private-label products on competing product pages, directly above where consumers would click to add an item to their cart, and labeling them as a \""Similar item to consider,\"" The Washington Post reports. \r\n Business Insider Intell… [+3535 chars]""",0,1,0,3,0
"reuters","Reuters","Reuters Editorial","""Illinois joins lawsuit to ask court to stop merger of T-Mobile, Sprint""","""Illinois has joined a multistate lawsuit aimed at stopping the merger of U.S. wireless carriers T-Mobile US Inc and Sprint Corp , the New York attorney general's office, which is leading the effort along with California, said Tuesday.""","https://www.reuters.com/article/us-sprint-m-a-tmobile-illinois-idUSKCN1VO27L","https://s3.reutersmedia.net/resources/r/?m=02&d=20190903&t=2&i=1425830536&w=1200&r=LYNXNPEF821LL","2019-09-03T17:10:47Z","""WASHINGTON (Reuters) - Illinois has joined a multistate lawsuit aimed at stopping the merger of U.S. wireless carriers T-Mobile US Inc (TMUS.O) and Sprint Corp (S.N), the New York attorney general’s office, which is leading the effort along with California, s… [+180 chars]""",0,0,0,3057,0
"cbs-news","CBS News","CBS/AP","Stocks drop on new signs of trouble in manufacturing","A measure of manufacturing activity last month fell to a 3-year low — and this was before tariffs went into effect","https://www.cbsnews.com/news/stock-market-today-drop-on-manufacturing-sector-shrink/","https://cbsnews1.cbsistatic.com/hub/i/r/2019/09/03/1f347132-2902-40ba-a109-20a98cac073d/thumbnail/1200x630/ed0c9c2e484f4567660f6f40b8f21479/nyse-gettyimages-1161831191.jpg","2019-09-03T16:11:54Z","""<ul><li>U.S. manufacturing in August posted its worst reading since January 2016, showing that the sector is shrinking.</li><li>Stock markets responded by falling, led by heavy machinery makers and tech companies.</li><li>At the same time, new U.S. tariffs on… [+3111 chars]""",0,1,4,14,0
"cnn","CNN","""Nathaniel Meyersohn, CNN Business""","Walmart ends all handgun ammunition sales and asks customers not to carry guns into stores","""Walmart on Tuesday announced it will reduce its gun and ammunition sales, one month after more than 20 people were killed in a mass shooting at a Walmart in El Paso, Texas. Walmart also pressured Congress to enact gun safety measures.""","https://www.cnn.com/2019/09/03/business/walmart-ends-handgun-ammo-sales/index.html","https://cdn.cnn.com/cnnnext/dam/assets/190903121706-walmart-shooting-memorial-restricted-super-tease.jpg","2019-09-03T17:00:05Z","""New York (CNN Business)Walmart on Tuesday announced it will reduce its gun and ammunition sales, one month after more than 20 people were killed in a mass shooting at a Walmart in El Paso, Texas. Walmart also pressured Congress to enact gun safety measures.\r\n… [+3861 chars]""",1,28550,9390,9282,0
"the-new-york-times","The New York Times","Daniel Victor","‘Dorian Won’t Budge’: Bahamas Hammered by Slow-Moving Hurricane","The storm has remained stationary but was expected to turn toward the United States and arrive near Florida by late Tuesday.","https://www.nytimes.com/2019/09/03/world/americas/hurricane-dorian-bahamas.html","https://static01.nyt.com/images/2019/09/03/world/03bahamas-dorian/03bahamas-dorian-facebookJumbo.jpg","2019-09-03T07:29:24Z","""Officials in the Bahamas had not yet determined the full scope of the damage there, with the relentless rains and winds making it difficult to reach many of the smaller islands struck by the hurricane. The storm was expected to continue to pound Grand Bahama … [+1201 chars]""",0,268,30,86,0
"espn","ESPN",null,"Sources: Urgency in Zeke talks; RB flying back","ESPN's Chris Mortensen and Adam Schefter are reporting that Ezekiel Elliott and the Cowboys are acting with a sense of urgency to finalize a deal in the next 24 hours that would allow the star running back to practice Wednesday and play Week 1.","http://espn.go.com/nfl/story/_/id/27527411/urgency-zeke-talks-rb-flying-back","https://a.espncdn.com/combiner/i?img=%2Fphoto%2F2019%2F0808%2Fr581024_1296x729_16%2D9.jpg","2019-09-03T14:22:00Z","""Ezekiel Elliott and the Dallas Cowboys are acting with a sense of urgency to finalize a deal in the next 24 hours that would allow the star running back to practice Wednesday and play in Sunday's season opener against the New York Giants, sources told ESPN's … [+1329 chars]""",1,0,0,0,0
"cbs-news","CBS News","CBS News","Schools take steps to protect students in light of shootings","A new article on Slate's website examines the architectural developments schools are putting in place in light of the threat of school shootings. The author of that article Henry Grabar joined CBSN AM to talk about what he found.","https://www.cbsnews.com/video/schools-take-steps-to-protect-students-in-light-of-shootings/","https://cbsnews3.cbsistatic.com/hub/i/r/2019/09/03/20c3151c-6419-4c69-a265-820bc7790c7c/thumbnail/1200x630/040d3504595bd97683efe66939ce2ab6/0903-cbsn-am-schoolprotection-1925577-640x360.jpg","2019-09-03T15:31:43Z",null,0,0,0,1,0
"business-insider","Business Insider","Caroline Lupini","""Paying with a debit card is leaving money on the table, and 4 more reasons I only ever pay with credit""","""I never pay for things with a debit card because I prefer to use my credit card, where I'm always getting the equivalent of 2% back or more on my purchases. Credit cards also offer better protections, less liability in case of fraud, and more leverage with me…""","https://www.businessinsider.com/reasons-why-i-always-pay-credit-never-debit-card","https://amp.businessinsider.com/images/5d6e9e7c2e22af7ce80c4e15-1920-960.jpg","2019-09-03T17:44:43Z","""Nothing makes me cringe more than going to to stores and restaurants with my friends and watching them pay with cash or a debit card. Or worse, when the occasional person still pulls out a checkbook and writes a personal check, carefully noting their purchase… [+3749 chars]""",0,0,0,3,0
"the-irish-times","The Irish Times","Shauna Bowers","Limerick nursing home failed to investigate allegation of abuse","Health Information and Quality Authority inspected home after receiving information from third party","https://www.irishtimes.com/news/social-affairs/limerick-nursing-home-failed-to-investigate-allegation-of-abuse-1.4006351","https://www.irishtimes.com/polopoly_fs/1.4006341.1567512801!/image/image.jpg","2019-09-03T12:13:30Z","""A nursing home in Co Limerick failed to respond or investigate an allegation of abuse by a staff member of a resident, an independent report has found.\r\nThe Health Information and Quality Authority (Hiqa) inspected the Beech Lodge Care facility in Bruree, Co … [+3440 chars]""",0,0,0,0,0
"cnn","CNN","""Anneken Tappe, CNN Business""","US manufacturing sector shrinks for first time in three years","American manufacturing shrank for the first time in three years this summer.","https://www.cnn.com/2019/09/03/economy/ism-manufacturing-drop/index.html","https://cdn.cnn.com/cnnnext/dam/assets/190903103718-us-plant-assembly-component-restricted-super-tease.jpg","2019-09-03T15:21:34Z",null,0,212,131,251,0
"reuters","Reuters","Marianna Parraga","Venezuelan oil exports fall to lowest level in 2019 as U.S. sanctions bite: data","""Venezuela's oil exports fell in August to their lowest level in 2019, internal reports and Refinitiv Eikon data showed, hurt by a halt in purchases by the nation's second largest customer, China National Petroleum Corp (CNPC), following tougher U.S. sanctions.""","https://in.reuters.com/article/venezuela-oil-exports-idINKCN1VO1YI","https://s2.reutersmedia.net/resources/r/?m=02&d=20190903&t=2&i=1425808931&w=1200&r=LYNXNPEF821FF","2019-09-03T15:49:25Z","""(Reuters) - Venezuela’s oil exports fell in August to their lowest level in 2019, internal reports and Refinitiv Eikon data showed, hurt by a halt in purchases by the nation’s second largest customer, China National Petroleum Corp (CNPC), following tougher U.… [+4156 chars]""",0,0,0,0,0
"the-new-york-times","The New York Times","Mike Ives","Your Tuesday Briefing","""Boat Fire, Brexit, Naomi Osaka: Here’s what you need to know.""","https://www.nytimes.com/2019/09/03/briefing/boat-fire-brexit-naomi-osaka.html","https://static01.nyt.com/images/2019/09/03/world/03us-ambriefing-bahamas-AMCORE/merlin_160118592_5dd2cc7a-cf8e-4099-b004-44a8c9906fca-facebookJumbo.jpg","2019-09-03T09:48:29Z","""There, the Greek-influenced calendar had only 10 months. A few were named for gods: March for Mars, April for Aphrodite, May for Maia and June for Juno. But the rest were numbered, and some are still with us. October was the eighth month, November the ninth a… [+1049 chars]""",0,1,1,34,0
"cnn","CNN","""Marianne Garvey, CNN""","Kristen Stewart says she was told not to hold hands with her girlfriend in public","Kristen Stewart is opening up about her relationships.","https://www.cnn.com/2019/09/03/entertainment/kristen-stewart-trnd/index.html","https://cdn.cnn.com/cnnnext/dam/assets/190901233514-40b-venice-film-festival-red-carpet-kristen-stewart-super-tease.jpg","2019-09-03T13:40:35Z",null,0,19,2,34,0
"cnn","CNN","""Judson Jones and Brandon Miller, CNN Meteorologists""","Here's what Hurricane Dorian is expected to do as it crawls toward the US","Hurricane Dorian is crawling toward the US. It is forecast to continue to lash Grand Bahama as the hurricane's outer bands move ashore in Florida.\r\n\r\nFollow live updates here","http://us.cnn.com/2019/09/03/weather/major-hurricane-dorian-timeline-florida-georgia-south-carolina/index.html","https://cdn.cnn.com/cnnnext/dam/assets/190903074339-weather-dorian-radar-image-20190903-8p-super-tease.jpg","2019-09-03T12:00:49Z",null,1,0,0,0,0
"abc-news","ABC News","The Associated Press","U of Illinois student arrested after noose found in elevator","""Get breaking national and world news, broadcast video coverage, and exclusive interviews. Find the top news online at ABC news.""","https://abcnews.go.com/US/wireStory/illinois-student-arrested-noose-found-elevator-65361782",null,"2019-09-03T17:17:11Z","The University of Illinois says a student has been arrested after a noose was found hanging in an elevator at a residence hall.\r\nThe university and the Champaign County Sheriff's Office says a 19-year-old student was due to be arraigned Tuesday on disorderly … [+453 chars]",0,0,0,0,0
"abc-news","ABC News","The Associated Press","Justice Sotomayor encourages kids to 'Just Ask' in new book","""Supreme Court Justice Sonia Sotomayor is out with a new book for children. It's about children growing up with different life challenges, including autism and blindness.""","https://abcnews.go.com/Entertainment/wireStory/justice-sotomayor-encourages-kids-book-65357732","https://s.abcnews.com/images/Lifestyle/WireAP_abc7627c401045a6a3cb15d2cbbd28f9_16x9_992.jpg","2019-09-03T14:42:43Z","""Supreme Court Justice Sonia Sotomayor has said that the seed for what has become her latest children's book was planted the day a woman called her a drug addict.\r\nSotomayor , who was diagnosed with diabetes at age 7, had gone to the bathroom of an upscale New… [+3619 chars]""",0,0,0,0,0
"reuters","Reuters","Reuters Editorial","UK public must decide next steps if parliament votes against Johnson: PM's spokesman","""Prime Minister Boris Johnson is clear that should lawmakers decide to vote against his government on Tuesday, then the British public should decide who negotiates with the European Union in an election, his spokesman said.""","https://www.reuters.com/article/us-britain-eu-public-idUSKCN1VO239","https://s3.reutersmedia.net/resources/r/?m=02&d=20190903&t=2&i=1425818863&w=1200&r=LYNXNPEF821I6","2019-09-03T16:27:26Z","""LONDON (Reuters) - Prime Minister Boris Johnson is clear that should lawmakers decide to vote against his government on Tuesday, then the British public should decide who negotiates with the European Union in an election, his spokesman said. \r\nLawmakers are e… [+715 chars]""",0,0,0,816,0
"bbc-news","BBC News","https://www.facebook.com/bbcnews","Ariana Grande says Forever 21 'stole' name in lawsuit","""The singer is asking for $10m in damages from the US retailer, accusing it of trademark infringement.""","https://www.bbc.co.uk/news/business-49572758","https://ichef.bbci.co.uk/news/1024/branded_news/2A54/production/_108363801_ariana2.jpg","2019-09-03T18:11:18Z","""Image copyrightGetty ImagesImage caption\r\n Ariana Grande\r\nSinger Ariana Grande is asking for $10m (£8.3m) in damages from Forever 21, saying the retailer \""stole her name\"" to promote its clothing and beauty products.\r\nShe said the firm published at least 30 \""u… [+1708 chars]""",0,0,0,3,0
"cbs-news","CBS News","CBS News","How to teach your kids to love reading","""A recent survey found that 20% of kids ages six to 17 did not read any books at all during the summer of 2018. That number has been growing – in 2016, it was 15%. A new book, “How to Raise a Reader,” is working to combat that, by showing the benefits of readi…""","https://www.cbsnews.com/video/how-to-teach-your-kids-to-love-reading/","https://cbsnews2.cbsistatic.com/hub/i/r/2019/09/03/32cddb82-7803-45b7-b748-1378db42e6d6/thumbnail/1200x630/d760e8d8a6156987dc02f04cbbf8f84e/0903-ctm-raiseareaderqa-paul-1925522-640x360.jpg","2019-09-03T13:15:46Z",null,0,22,1,28,0
"newsweek","Newsweek","Phillip Martinez","""Nintendo Direct Predictions: Next 'Smash Ultimate' DLC, 'Pokémon Sword and Shield' Starter Evolutions and More""","Will Banjo-Kazooie release this month?","https://www.newsweek.com/nintendo-direct-predictions-banjo-smash-ultimate-release-date-dlc-pokemon-1457461","https://d.newsweek.com/en/full/1524745/nintendo-direct-predictions-banjo-pokemon-terry.jpg","2019-09-03T17:02:59Z","Nintendo is springing a new Direct on fans this week with a lot of information expected from the 40-minute presentation.\r\nThe company has already announced that Pokémon Sword and Shield and Luigi's Mansion 3 will get the spotlight during the next Nintendo Dir… [+2605 chars]",0,0,0,3,0
"the-new-york-times","The New York Times","Brent Heavener","The Big Dream of a Small Life","""Tiny homes may be getting even tinier, but they aren’t disappearing. A new book by Brent Heavener offers an explanation.""","https://www.nytimes.com/slideshow/2019/09/03/realestate/the-big-dream-of-a-small-life.html","https://static01.nyt.com/images/2019/09/08/realestate/03small1/03small1-facebookJumbo.jpg","2019-09-03T09:13:33Z",null,0,3,0,10,0
"abc-news","ABC News","The Associated Press","US construction spending rose a slight 0.1% in July","""Get breaking national and world news, broadcast video coverage, and exclusive interviews. Find the top news online at ABC news.""","https://abcnews.go.com/Business/wireStory/us-construction-spending-rose-slight-01-july-65356888","https://s.abcnews.com/images/Business/WireAP_98c8314369674979a1f94540b5901f20_16x9_992.jpg","2019-09-03T14:04:53Z","""U.S. construction spending ticked up just 0.1% in July, aided by government spending on schools, sewers and the water supply.\r\nThe Commerce Department said Tuesday that spending on construction projects in July occurred at a seasonally adjusted annual pace of… [+622 chars]""",0,0,0,0,0
"reuters","Reuters","Reuters Editorial","""Italy's 5-Star votes in favor of PD coalition, opening way for government""","""Members of the anti-establishment 5-Star Movement backed a proposed coalition with the center-left Democratic Party (PD) on Tuesday, opening the way for a new government to take office in the coming days.""","https://www.reuters.com/article/us-italy-politics-vote-idUSKCN1VO29X","https://s4.reutersmedia.net/resources/r/?m=02&d=20190903&t=2&i=1425836059&w=1200&r=LYNXNPEF821MY","2019-09-03T17:30:53Z","""ROME (Reuters) - Members of the anti-establishment 5-Star Movement backed a proposed coalition with the center-left Democratic Party (PD) on Tuesday, opening the way for a new government to take office in the coming days. \r\nIn an online ballot, 79.3% of 5-Sta… [+464 chars]""",0,0,0,869,0
"bbc-news","BBC News",null,"Euro 2020 qualifiers: Aaron Wan-Bissaka out of England squad with back injury","Manchester United full-back Aaron Wan-Bissaka withdraws from the England squad because of a back injury.","https://www.bbc.co.uk/sport/football/49571247","https://ichef.bbci.co.uk/onesport/cps/624/cpsprodpb/FBA4/production/_108602446_a1.jpg","2019-09-03T15:43:49Z","Aaron Wan-Bissaka joined Manchester United from Crystal Palace in a £50m deal this summer\r\nManchester United full-back Aaron Wan-Bissaka has withdrawn from the England squad because of a back injury.\r\nWan-Bissaka was named in Gareth Southgate's senior side fo… [+426 chars]",0,660,269,36,0
"the-irish-times","The Irish Times",null,"Tesla drivers reportedly locked out of cars after app goes down","""Owners left stranded after app, which some use as keys, is taken down""","https://www.irishtimes.com/business/transport-and-tourism/tesla-drivers-reportedly-locked-out-of-cars-after-app-goes-down-1.4006238","https://www.irishtimes.com/image-creator/?id=1.4006237&origw=1440","2019-09-03T09:53:02Z","""Technology is wonderful until it fails you. Just ask Tesla drivers who were reportedly locked out of their vehicles for several hours yesterday after the app, which many use as a key, was taken down for maintenance.\r\nStranded drivers took to Twitter complaini… [+174 chars]""",0,1,6,2,0
"business-insider","Business Insider","Becky Peterson","Cloudflare eyes $3.5 billion valuation in upcoming IPO","""San Francisco security startup Cloudflare, on Tuesday set a price range for its IPO of $10 to $12 per share. At the high point, the company could be valued at $3.5 billion. Cloudflare is expected to start trading later this month on the New York Stock Exchang…""","https://www.businessinsider.com/cloudflare-sets-price-range-for-ipo-2019-9","https://amp.businessinsider.com/images/5d5599e8cd978440c21e88c3-1136-568.jpg","2019-09-03T13:30:50Z","""Cloudflare, a security startup that protects websites from attacks and helps pages load quickly, set a price range for its upcoming IPO, which could value the San Francisco company as high as $3.5 billion. \r\n In a filing Tuesday, the company said it plans to … [+1382 chars]""",0,14,0,10,0
"the-new-york-times","The New York Times","Laure Fourquet","""As Deaths Mount, France Tries to Get Serious About Domestic Violence""","A woman dies at the hands of her partner every three days in France. But the police often do not take complaints seriously.","https://www.nytimes.com/2019/09/03/world/europe/france-domestic-violence.html","https://static01.nyt.com/images/2019/09/03/world/03france-women1/03france-women1-facebookJumbo.jpg","2019-09-03T15:14:18Z","""Mrs. Douib left her partner six months before she was killed. After the separation, Mr. Garcia repeatedly threatened her, telling her that if she did not leave Corsica and their children she would die.\r\nAccording to her relatives, Mrs. Douib knew it was only … [+1047 chars]""",0,21,5,49,0
"newsweek","Newsweek","Brendan Cole","Hurricane Dorian Path Map Update: Category 3 Storm's Slow Movement Will Make It More Destructive Say Experts","""Experts say calm conditions above the storm are keeping it stationary, meaning that it is wreaking more damage on the Bahamas, as it bears down on the U.S. east coast.""","https://www.newsweek.com/hurricane-dorian-path-map-category-3-slow-movement-destructive-1457283","https://d.newsweek.com/en/full/1524580/hurricane-dorian.jpg","2019-09-03T10:27:36Z","""Hurricane Dorian is wreaking more havoc on the Bahamas because the calm atmosphere above it is keeping it stationary, meteorologists have warned.\r\nIn a counterintuitive analysis of the most powerful Atlantic hurricanes on record, where winds have reached up t… [+2947 chars]""",0,0,0,0,0
"newsweek","Newsweek","Dana Thomas","The Real Cost of Your Blue Jeans","Making the industry's 80 billion garments per year requires huge amounts of water and toxic chemicals. It employs every sixth person on Earth—most in dangerous conditions for very little money.","https://www.newsweek.com/2019/09/20/real-cost-blue-jeans-labor-environment-fashionopolis-book-extract-1457027.html","https://d.newsweek.com/en/full/1524248/cul-fashionopolis-01-969407778.jpg","2019-09-03T16:16:54Z","""The biggest fashion trend in recent years is \""fast fashion\""the mass production of trendy, inexpensive clothing with lightning-quick turnaround. This is a hugely wasteful global, environmental and human rights disaster, according to bestselling journalist Dana… [+11566 chars]""",0,0,0,4,0
"abc-news","ABC News","The Associated Press","Feds offers reprieve on immigrant medical care cases","Federal immigration authorities have at least partly reversed course on a controversial decision to stop considering requests for foreign nationals to remain in the country for medical treatment or other special circumstances","https://abcnews.go.com/US/wireStory/feds-offers-reprieve-immigrant-medical-care-cases-65362114","https://s.abcnews.com/images/US/WireAP_edb3739e5b4a4b09bf9a119c2f479f07_16x9_992.jpg","2019-09-03T17:22:44Z","Federal immigration authorities have at least partly reversed course on a controversial decision to stop considering requests for foreign nationals to remain in the country for medical treatment or other special circumstances.\r\nU.S. Citizenship and Immigratio… [+556 chars]",0,0,0,0,0
"reuters","Reuters","Reuters Editorial","'No deal' Brexit would cost at least $16 billion in UK exports losses: U.N.","""Leaving the European Union without a trade deal would cost Britain at least $16 billion in lost exports, and would probably cost far more after indirect effects are taken into account, a report by the U.N. trade agency UNCTAD said on Tuesday.""","https://www.reuters.com/article/us-britain-eu-trade-un-idUSKCN1VO1WK","https://s4.reutersmedia.net/resources/r/?m=02&d=20190903&t=2&i=1425801043&w=1200&r=LYNXNPEF821DT","2019-09-03T15:25:15Z","""GENEVA (Reuters) - Leaving the European Union without a trade deal would cost Britain at least $16 billion in lost exports, and would probably cost far more after indirect effects are taken into account, a report by the U.N. trade agency UNCTAD said on Tuesda… [+401 chars]""",0,1,1,1620,0